date,average_house_price_gbp,house_price_12m_change_pct,sales_volume,sales_volume_source,average_weekly_earnings_gbp,unemployment_rate_pct,cpi_annual_rate_pct,gdp_monthly_growth_pct,public_sector_net_borrowing_ex_banks_gbp_mn,bank_rate_month_end_pct
2009-01-01,157233.924,-15.36627031,31422.0,HPI Apr-2023 vintage,421.0,6.7,3.0,-0.8,7121.0,1.5
2009-02-01,155417.3852,-15.61871132,31888.0,HPI Apr-2023 vintage,409.0,7.1,3.2,-0.3,11329.0,1.0
2009-03-01,154452.3806,-15.52813298,41978.0,HPI Apr-2023 vintage,433.0,7.3,2.9,-1.0,14262.0,0.5
2009-04-01,155852.1556,-14.90363458,45378.33333,HPI Apr-2023 vintage,438.0,7.6,2.3,1.1,10904.0,0.5
2009-05-01,158004.4662,-14.25260601,52300.33333,HPI Apr-2023 vintage,437.0,7.8,2.2,-1.2,13571.0,0.5
2009-06-01,159561.0605,-12.24743446,60728.33333,HPI Apr-2023 vintage,438.0,7.9,1.8,0.2,16469.0,0.5
2009-07-01,162423.2686,-9.687182241,71336.33333,HPI Apr-2023 vintage,437.0,7.9,1.8,0.7,9266.0,0.5
2009-08-01,164025.3201,-6.852675071,65968.33333,HPI Apr-2023 vintage,438.0,7.8,1.6,-0.5,11977.0,0.5
2009-09-01,165313.7701,-3.696707954,66256.33333,HPI Apr-2023 vintage,439.0,7.9,1.1,0.5,16372.0,0.5
2009-10-01,166424.9027,-1.041877051,74416.0,HPI Apr-2023 vintage,439.0,7.8,1.5,0.1,14711.0,0.5
2009-11-01,166986.1487,2.165359631,69160.0,HPI Apr-2023 vintage,440.0,7.8,1.9,0.0,14231.0,0.5
2009-12-01,168081.6091,4.428204903,87202.0,HPI Apr-2023 vintage,440.0,7.7,2.9,0.5,21331.0,0.5
2010-01-01,167468.9299,6.509413308,41084.66667,HPI Apr-2023 vintage,439.0,7.9,3.5,-0.8,7697.0,0.5
2010-02-01,167887.6822,8.023746457,47347.66667,HPI Apr-2023 vintage,446.0,8.0,3.0,1.7,9831.0,0.5
2010-03-01,167877.9508,8.692368575,58046.66667,HPI Apr-2023 vintage,441.0,8.0,3.4,0.8,13191.0,0.5
2010-04-01,170027.8904,9.095629614,59554.66667,HPI Apr-2023 vintage,441.0,7.9,3.7,-0.2,9201.0,0.5
2010-05-01,170845.9251,8.127275905,59094.66667,HPI Apr-2023 vintage,443.0,7.9,3.4,0.4,13252.0,0.5
2010-06-01,171688.537,7.600523858,70936.66667,HPI Apr-2023 vintage,442.0,7.8,3.2,0.2,12019.0,0.5
2010-07-01,173427.1067,6.774791677,76003.0,HPI Apr-2023 vintage,443.0,7.8,3.1,0.1,9178.0,0.5
2010-08-01,173417.4578,5.726029244,69123.0,HPI Apr-2023 vintage,445.0,7.8,3.1,0.3,11540.0,0.5
2010-09-01,172972.0443,4.6325688,64886.0,HPI Apr-2023 vintage,446.0,7.9,3.1,0.2,15810.0,0.5
2010-10-01,171044.7244,2.775919727,66726.33333,HPI Apr-2023 vintage,447.0,7.9,3.2,0.4,14209.0,0.5
2010-11-01,169013.1436,1.213870084,63565.33333,HPI Apr-2023 vintage,448.0,7.9,3.3,-0.3,14831.0,0.5
2010-12-01,168702.7214,0.369530197,63541.33333,HPI Apr-2023 vintage,449.0,7.9,3.7,-0.9,17031.0,0.5
2011-01-01,167300.2404,-0.100728865,42399.0,HPI Apr-2023 vintage,458.0,7.8,4.0,0.5,1294.0,0.5
2011-02-01,166415.1603,-0.877087518,44207.0,HPI Apr-2023 vintage,453.0,7.8,4.4,0.5,9723.0,0.5
2011-03-01,165648.5379,-1.327996217,52889.0,HPI Apr-2023 vintage,453.0,7.7,4.0,0.2,13339.0,0.5
2011-04-01,168218.06,-1.064431485,57449.0,HPI Apr-2023 vintage,451.0,7.8,4.5,-0.9,11855.0,0.5
2011-05-01,167469.7143,-1.976172864,55691.0,HPI Apr-2023 vintage,453.0,7.9,4.5,1.0,9642.0,0.5
2011-06-01,167752.9093,-2.292306621,65290.0,HPI Apr-2023 vintage,456.0,8.0,4.2,0.0,9835.0,0.5
2011-07-01,169865.8121,-2.053482117,70316.0,HPI Apr-2023 vintage,456.0,8.2,4.4,0.2,4609.0,0.5
2011-08-01,169968.016,-1.989097208,72144.0,HPI Apr-2023 vintage,454.0,8.3,4.5,-0.4,9479.0,0.5
2011-09-01,169543.5734,-1.982095383,71811.0,HPI Apr-2023 vintage,454.0,8.4,5.2,0.3,13895.0,0.5
2011-10-01,167673.168,-1.971154838,65175.0,HPI Apr-2023 vintage,456.0,8.5,5.0,-0.8,12810.0,0.5
2011-11-01,167756.8878,-0.7432888,67798.0,HPI Apr-2023 vintage,457.0,8.4,4.8,1.1,11223.0,0.5
2011-12-01,167047.7706,-0.980986428,70770.0,HPI Apr-2023 vintage,457.0,8.4,4.2,0.7,13775.0,0.5
2012-01-01,165908.4809,-0.831893317,49493.33333,HPI Apr-2023 vintage,457.0,8.3,3.6,0.3,709.0,0.5
2012-02-01,165457.0798,-0.575717084,50099.33333,HPI Apr-2023 vintage,457.0,8.2,3.4,-0.8,10348.0,0.5
2012-03-01,165947.3274,0.180375592,69452.33333,HPI Apr-2023 vintage,457.0,8.2,3.5,0.6,12757.0,0.5
2012-04-01,167854.0205,-0.216409244,50094.33333,HPI Apr-2023 vintage,460.0,8.1,3.0,-0.7,21562.0,0.5
2012-05-01,168395.3676,0.552728799,59800.33333,HPI Apr-2023 vintage,460.0,8.0,2.8,1.5,12881.0,0.5
2012-06-01,170049.1636,1.368831278,68568.33333,HPI Apr-2023 vintage,462.0,8.0,2.4,-1.4,8903.0,0.5
2012-07-01,170701.1966,0.491790876,66631.0,HPI Apr-2023 vintage,463.0,7.9,2.6,1.7,2278.0,0.5
2012-08-01,170902.3776,0.549727905,73921.0,HPI Apr-2023 vintage,464.0,7.9,2.5,0.5,9954.0,0.5
2012-09-01,170295.1292,0.443281835,60043.0,HPI Apr-2023 vintage,462.0,7.9,2.2,-1.3,12946.0,0.5
2012-10-01,169089.5181,0.844708826,66842.0,HPI Apr-2023 vintage,462.0,7.8,2.7,0.4,11978.0,0.5
2012-11-01,169227.2509,0.8764845,72293.0,HPI Apr-2023 vintage,463.0,7.8,2.7,0.2,12067.0,0.5
2012-12-01,168842.8434,1.074586527,63795.0,HPI Apr-2023 vintage,461.0,7.8,2.7,-0.2,13878.0,0.5
2013-01-01,167715.5946,1.089223256,49129.0,HPI Apr-2023 vintage,462.0,8.0,2.7,-0.1,-89.0,0.5
2013-02-01,167682.4598,1.344989333,50648.0,HPI Apr-2023 vintage,462.0,7.8,2.8,0.9,7805.0,0.5
2013-03-01,168681.4684,1.647595636,62193.0,HPI Apr-2023 vintage,454.0,7.8,2.8,0.0,9398.0,0.5
2013-04-01,170335.3686,1.478277398,58520.66667,HPI Apr-2023 vintage,477.0,7.8,2.4,-0.1,11429.0,0.5
2013-05-01,171233.7538,1.685548868,75383.66667,HPI Apr-2023 vintage,468.0,7.7,2.7,0.4,9243.0,0.5
2013-06-01,172654.5105,1.532113951,75228.66667,HPI Apr-2023 vintage,466.0,7.7,2.9,0.2,8349.0,0.5
2013-07-01,174592.2607,2.279459182,82886.0,HPI Apr-2023 vintage,466.0,7.7,2.8,0.4,3627.0,0.5
2013-08-01,175982.2931,2.972407735,89695.0,HPI Apr-2023 vintage,466.0,7.6,2.7,0.2,8623.0,0.5
2013-09-01,176097.8275,3.407436405,79217.0,HPI Apr-2023 vintage,466.0,7.4,2.7,0.0,12058.0,0.5
2013-10-01,175378.3971,3.719260094,88422.0,HPI Apr-2023 vintage,466.0,7.2,2.2,0.6,11364.0,0.5
2013-11-01,176351.5657,4.20990992,95708.0,HPI Apr-2023 vintage,466.0,7.2,2.1,0.0,11488.0,0.5
2013-12-01,177970.632,5.406085534,90540.0,HPI Apr-2023 vintage,468.0,7.2,2.0,-0.5,10885.0,0.5
2014-01-01,178182.1947,6.240683912,75540.33333,HPI Apr-2023 vintage,469.0,6.9,1.9,0.3,271.0,0.5
2014-02-01,178921.4398,6.702537622,74421.33333,HPI Apr-2023 vintage,472.0,6.8,1.7,1.0,9533.0,0.5
2014-03-01,179536.8481,6.435431131,78289.33333,HPI Apr-2023 vintage,461.0,6.6,1.6,0.8,6281.0,0.5
2014-04-01,183531.6143,7.747214096,82047.66667,HPI Apr-2023 vintage,469.0,6.4,1.8,0.0,12608.0,0.5
2014-05-01,185476.4913,8.31771611,90738.66667,HPI Apr-2023 vintage,469.0,6.3,1.5,0.2,10144.0,0.5
2014-06-01,187077.4797,8.353659034,93993.66667,HPI Apr-2023 vintage,470.0,6.1,1.9,0.2,7916.0,0.5
2014-07-01,189709.2488,8.658452561,97288.0,HPI Apr-2023 vintage,468.0,6.0,1.6,0.5,3338.0,0.5
2014-08-01,191932.1115,9.063308643,101680.0,HPI Apr-2023 vintage,469.0,6.0,1.5,-0.1,8609.0,0.5
2014-09-01,192138.056,9.108703238,90912.0,HPI Apr-2023 vintage,473.0,6.0,1.2,0.5,13028.0,0.5
2014-10-01,191854.5777,9.394646603,100184.0,HPI Apr-2023 vintage,475.0,5.9,1.3,0.2,11243.0,0.5
2014-11-01,191209.195,8.425005588,86142.0,HPI Apr-2023 vintage,475.0,5.7,1.0,0.0,9009.0,0.5
2014-12-01,191669.3105,7.697156772,88917.0,HPI Apr-2023 vintage,478.0,5.7,0.5,0.5,12189.0,0.5
2015-01-01,190664.9416,7.005608464,66819.33333,HPI Apr-2023 vintage,476.0,5.6,0.3,-0.3,-3038.0,0.5
2015-02-01,190827.1002,6.654127331,67070.33333,HPI Apr-2023 vintage,478.0,5.5,0.0,0.3,6488.0,0.5
2015-03-01,191537.2634,6.684095983,77669.33333,HPI Apr-2023 vintage,480.0,5.5,0.0,0.3,5900.0,0.5
2015-04-01,193224.7186,5.28143575,75239.66667,HPI Apr-2023 vintage,481.0,5.6,-0.1,0.5,12114.0,0.5
2015-05-01,195313.124,5.303439069,86143.66667,HPI Apr-2023 vintage,482.0,5.6,0.1,-0.1,7631.0,0.5
2015-06-01,196802.4578,5.198369196,96978.66667,HPI Apr-2023 vintage,481.0,5.5,0.0,-0.2,7946.0,0.5
2015-07-01,200141.5615,5.499106004,106216.0,HPI Apr-2023 vintage,484.0,5.4,0.1,0.3,2088.0,0.5
2015-08-01,201973.3647,5.231669204,96533.0,HPI Apr-2023 vintage,484.0,5.3,0.0,0.0,8874.0,0.5
2015-09-01,202388.7291,5.335056124,94554.0,HPI Apr-2023 vintage,483.0,5.2,-0.1,0.3,11546.0,0.5
2015-10-01,202664.3387,5.634351376,104450.6667,HPI Apr-2023 vintage,484.0,5.1,-0.1,0.5,10553.0,0.5
2015-11-01,204223.2345,6.806178694,93853.66667,HPI Apr-2023 vintage,484.0,5.1,0.1,0.0,9421.0,0.5
2015-12-01,204920.2481,6.913437273,94396.66667,HPI Apr-2023 vintage,487.0,5.1,0.2,0.1,7497.0,0.5
2016-01-01,205464.2926,7.761967603,70959.33333,HPI Apr-2023 vintage,489.0,5.1,0.3,0.0,-6087.0,0.5
2016-02-01,205555.4075,7.718142361,75907.33333,HPI Apr-2023 vintage,486.0,5.1,0.3,0.3,5864.0,0.5
2016-03-01,207667.1658,8.421286908,138124.3333,HPI Apr-2023 vintage,490.0,5.0,0.5,0.3,4962.0,0.5
2016-04-01,208443.2286,7.876067872,63853.66667,HPI Apr-2023 vintage,495.0,4.9,0.3,0.6,12117.0,0.5
2016-05-01,210872.4183,7.96633323,72173.66667,HPI Apr-2023 vintage,493.0,4.9,0.3,-0.3,7154.0,0.5
2016-06-01,212886.5299,8.172698787,88474.66667,HPI Apr-2023 vintage,493.0,4.9,0.5,0.2,4890.0,0.5
2016-07-01,215126.9772,7.487408191,93197.33333,HPI Apr-2023 vintage,496.0,5.0,0.6,0.4,576.0,0.5
2016-08-01,215144.9613,6.521452295,94407.33333,HPI Apr-2023 vintage,494.0,4.8,0.6,0.1,7228.0,0.25
2016-09-01,214816.236,6.14041452,91720.33333,HPI Apr-2023 vintage,495.0,4.8,1.0,0.3,10708.0,0.25
2016-10-01,214106.8334,5.646032621,85296.0,HPI Apr-2023 vintage,497.0,4.8,0.9,0.1,7732.0,0.25
2016-11-01,215113.0566,5.332312999,88926.0,HPI Apr-2023 vintage,498.0,4.7,1.2,0.3,6849.0,0.25
2016-12-01,215499.8314,5.162780881,94685.0,HPI Apr-2023 vintage,496.0,4.7,1.6,0.1,5225.0,0.25
2017-01-01,215242.5623,4.759109046,68663.0,HPI Apr-2023 vintage,497.0,4.6,1.8,0.5,-8923.0,0.25
2017-02-01,215697.4753,4.933982487,71432.0,HPI Apr-2023 vintage,499.0,4.6,2.3,0.1,-375.0,0.25
2017-03-01,215236.3504,3.644863433,89388.0,HPI Apr-2023 vintage,501.0,4.5,2.3,0.1,2539.0,0.25
2017-04-01,218641.5946,4.892634834,75980.0,HPI Apr-2023 vintage,502.0,4.4,2.7,0.3,12662.0,0.25
2017-05-01,219953.663,4.306511371,83671.0,HPI Apr-2023 vintage,503.0,4.4,2.9,0.3,7114.0,0.25
2017-06-01,221833.4783,4.202684167,101940.0,HPI Apr-2023 vintage,508.0,4.3,2.6,0.1,6638.0,0.25
2017-07-01,224719.137,4.458836362,92256.66667,HPI Apr-2023 vintage,504.0,4.3,2.6,0.1,177.0,0.25
2017-08-01,225738.1678,4.923753007,98937.66667,HPI Apr-2023 vintage,507.0,4.3,2.9,0.3,5439.0,0.25
2017-09-01,224895.0198,4.691816585,94286.66667,HPI Apr-2023 vintage,509.0,4.2,3.0,0.5,10088.0,0.25
2017-10-01,225092.3259,5.130846271,92827.33333,HPI Apr-2023 vintage,509.0,4.3,3.0,0.0,7983.0,0.25
2017-11-01,224452.6722,4.341724208,92234.33333,HPI Apr-2023 vintage,510.0,4.4,3.1,0.3,6582.0,0.5
2017-12-01,225329.9776,4.561556297,91613.33333,HPI Apr-2023 vintage,512.0,4.3,3.0,-0.4,4460.0,0.5
2018-01-01,224543.7559,4.321261299,68242.66667,HPI Apr-2023 vintage,510.0,4.2,3.0,0.0,-5847.0,0.5
2018-02-01,225131.191,4.373586512,68999.66667,HPI Apr-2023 vintage,513.0,4.2,2.7,0.1,2575.0,0.5
2018-03-01,223772.1802,3.96579378,81850.66667,HPI Apr-2023 vintage,513.0,4.2,2.5,0.5,2002.0,0.5
2018-04-01,225910.188,3.32443302,71864.0,HPI Apr-2023 vintage,515.0,4.2,2.4,-0.2,10222.0,0.5
2018-05-01,226833.8665,3.128024088,81587.0,HPI Apr-2023 vintage,516.0,4.0,2.4,0.4,4574.0,0.5
2018-06-01,228355.3098,2.939967195,96021.0,HPI Apr-2023 vintage,519.0,4.0,2.4,0.2,4187.0,0.5
2018-07-01,231187.016,2.878205695,89223.66667,HPI Apr-2023 vintage,521.0,4.0,2.5,0.2,-2381.0,0.5
2018-08-01,231897.7019,2.728618793,102000.6667,HPI Apr-2023 vintage,523.0,4.1,2.7,0.2,7120.0,0.75
2018-09-01,231454.2502,2.916574322,83601.66667,HPI Apr-2023 vintage,523.0,4.1,2.4,0.1,8936.0,0.75
2018-10-01,231211.2302,2.718397552,92636.0,HPI Apr-2023 vintage,530.0,4.0,2.4,-0.1,9235.0,0.75
2018-11-01,230224.3035,2.571424617,99027.0,HPI Apr-2023 vintage,526.0,4.0,2.3,0.4,5847.0,0.75
2018-12-01,229729.2591,1.95237295,83837.0,HPI Apr-2023 vintage,528.0,3.9,2.1,-0.1,5493.0,0.75
2019-01-01,228314.4927,1.679288212,65596.66667,HPI Apr-2023 vintage,530.0,3.9,1.8,0.2,-10505.0,0.75
2019-02-01,227738.4642,1.15811283,67755.66667,HPI Apr-2023 vintage,531.0,3.8,1.9,0.4,1932.0,0.75
2019-03-01,227103.9623,1.488917027,78954.66667,HPI Apr-2023 vintage,525.0,3.8,1.9,0.0,253.0,0.75
2019-04-01,228749.3498,1.256765733,73561.0,HPI Apr-2023 vintage,534.0,3.8,2.1,-0.4,11219.0,0.75
2019-05-01,229061.1192,0.981887199,82426.0,HPI Apr-2023 vintage,537.0,3.9,2.0,0.4,5159.0,0.75
2019-06-01,230049.0452,0.741710534,84287.0,HPI Apr-2023 vintage,540.0,3.8,2.0,0.3,7247.0,0.75
2019-07-01,232618.1464,0.619035766,89176.33333,HPI Apr-2023 vintage,542.0,3.9,2.1,0.4,-735.0,0.75
2019-08-01,233366.1371,0.633225427,95774.33333,HPI Apr-2023 vintage,541.0,3.8,1.7,0.0,5375.0,0.75
2019-09-01,233536.15,0.899486505,84025.33333,HPI Apr-2023 vintage,544.0,3.8,1.7,0.4,9070.0,0.75
2019-10-01,232919.4018,0.738792672,90625.33333,HPI Apr-2023 vintage,543.0,3.8,1.5,-0.1,11850.0,0.75
2019-11-01,232096.426,0.813173291,93439.33333,HPI Apr-2023 vintage,542.0,3.8,1.5,-0.2,5893.0,0.75
2019-12-01,231792.2947,0.898029112,84958.33333,HPI Apr-2023 vintage,542.0,3.9,1.3,0.0,6337.0,0.75
2020-01-01,231939.909,1.587904592,68585.0,HPI Apr-2023 vintage,546.0,4.0,1.8,0.3,-8269.0,0.75
2020-02-01,230609.0017,1.260453523,67463.0,HPI Apr-2023 vintage,546.0,4.0,1.7,-0.5,1738.0,0.75
2020-03-01,232683.8062,2.45695574,69201.0,HPI Apr-2023 vintage,529.0,4.1,1.5,-7.0,7099.0,0.1
2020-04-01,230317.758,0.685644903,28356.33333,HPI Apr-2023 vintage,529.0,4.1,0.8,-20.9,49129.0,0.1
2020-05-01,231507.7098,1.068095099,36380.33333,HPI Apr-2023 vintage,532.0,4.1,0.5,3.2,51405.0,0.1
2020-06-01,234703.2452,2.023133785,53436.33333,HPI Apr-2023 vintage,532.0,4.3,0.6,9.0,32305.0,0.1
2020-07-01,236686.9285,1.749125012,63981.0,HPI Apr-2023 vintage,539.0,4.6,1.0,7.4,21886.0,0.1
2020-08-01,238997.6916,2.413184117,67744.0,HPI Apr-2023 vintage,552.0,4.9,0.2,2.0,24094.0,0.1
2020-09-01,241541.4024,3.427842928,78108.0,HPI Apr-2023 vintage,558.0,5.1,0.5,1.1,28309.0,0.1
2020-10-01,243575.4827,4.575007859,97906.66667,HPI Apr-2023 vintage,563.0,5.1,0.7,0.6,18042.0,0.1
2020-11-01,246064.9811,6.018427474,96253.66667,HPI Apr-2023 vintage,568.0,5.2,0.3,-1.8,21800.0,0.1
2020-12-01,247983.412,6.98518355,104607.6667,HPI Apr-2023 vintage,570.0,5.1,0.6,1.8,23979.0,0.1
2021-01-01,249689.5341,7.652682596,78289.0,HPI Apr-2023 vintage,570.0,5.1,0.7,-2.9,984.0,0.1
2021-02-01,249586.1029,8.229124227,96081.0,HPI Apr-2023 vintage,567.0,4.9,0.4,0.7,15382.0,0.1
2021-03-01,253505.551,8.948514823,135666.0,HPI Apr-2023 vintage,552.0,4.9,0.7,2.3,25912.0,0.1
2021-04-01,250209.6713,8.636725835,87611.0,HPI Apr-2023 vintage,576.0,4.9,1.5,3.1,23541.0,0.1
2021-05-01,251285.4804,8.543028909,78518.0,HPI Apr-2023 vintage,581.0,4.7,2.1,1.3,17108.0,0.1
2021-06-01,265676.0755,13.19659226,165290.0,HPI Apr-2023 vintage,577.0,4.6,2.5,1.0,18917.0,0.1
2021-07-01,252960.13303,6.8754132695,64027.333333,HPI Apr-2023 vintage,581.0,4.4,2.0,-0.2,4224.0,0.1
2021-08-01,260429.17931,8.9672362647,80854.333333,HPI Apr-2023 vintage,584.0,4.3,3.2,0.9,13919.0,0.1
2021-09-01,269003.07451,11.36934367,129270.33333,HPI Apr-2023 vintage,586.0,4.2,3.1,0.6,17479.0,0.1
2021-10-01,263333.22962,8.1115499248,64254.333333,HPI Apr-2023 vintage,588.0,4.1,4.2,0.1,8292.0,0.1
2021-11-01,267369.95814,8.6582726818,76313.333333,HPI Apr-2023 vintage,587.0,4.0,5.1,1.0,7651.0,0.1
2021-12-01,268114.70466,8.1179997187,81100.333333,HPI Apr-2023 vintage,603.0,4.0,5.4,0.1,10191.0,0.25
2022-01-01,272738.31677,9.2309766922,63839.666667,HPI Apr-2023 vintage,599.0,3.8,5.5,0.2,-12570.0,0.25
2022-02-01,272454.14497,9.1623859662,70501.666667,HPI Apr-2023 vintage,600.0,3.7,6.2,-0.1,6816.0,0.5
2022-03-01,273786.82449,8.0003271612,79202.666667,HPI Apr-2023 vintage,608.0,3.8,7.0,0.1,5636.0,0.75
2022-04-01,276916.6183,10.67382681,72912.0,HPI Apr-2023 vintage,604.0,3.8,9.0,0.0,13872.0,0.75
2022-05-01,280718.9795,11.71317143,73110.0,HPI Apr-2023 vintage,606.0,3.8,9.1,0.8,9324.0,1.0
2022-06-01,283110.3844,6.56224274,72674.0,HPI Apr-2023 vintage,613.0,3.6,9.4,-0.7,18875.0,1.25
2022-07-01,288960.8496,14.23177484,81096.66667,HPI Apr-2023 vintage,615.0,3.5,10.1,0.4,891.0,1.25
2022-08-01,291098.5141,11.77645872,83221.66667,HPI Apr-2023 vintage,619.0,3.6,9.9,0.0,8120.0,1.75
2022-09-01,292981.9498,8.913978148,81777.66667,HPI Apr-2023 vintage,622.0,3.7,10.1,-0.7,15909.0,2.25
2022-10-01,291992.761,10.88337062,78056.33333,HPI Apr-2023 vintage,626.0,3.7,11.1,0.7,10731.0,2.25
2022-11-01,291921.7521,9.18270478,77735.33333,HPI Apr-2023 vintage,629.0,3.7,10.7,0.2,15388.0,3.0
2022-12-01,290671.8034,8.413227016,65151.33333,HPI Apr-2023 vintage,632.0,3.7,10.5,-0.5,16292.0,3.5
2023-01-01,288288.6102,5.70154336,46061.66667,HPI Apr-2023 vintage,635.0,3.8,10.1,0.4,-7400.0,3.5
2023-02-01,287536.7508,5.535832745,44635.66667,HPI Apr-2023 vintage,640.0,3.9,10.4,0.1,11981.0,4.0
2023-03-01,285056.7272,4.116305717,70607.0,Later HPI official backfill,644.0,3.8,10.1,-0.2,16601.0,4.25
2023-04-01,286488.877,3.456729578,52097.0,Later HPI official backfill,651.0,4.0,8.7,0.2,18890.0,4.25
