forecast_origin,target_date,target_house_price_next_month_gbp,house_price_lag_1m_gbp,house_price_lag_3m_gbp,house_price_lag_12m_gbp,house_price_rolling_3m_mean_gbp,house_price_rolling_12m_mean_gbp,sales_volume_lag_1m,average_weekly_earnings_lag_1m_gbp,unemployment_rate_lag_1m_pct,cpi_annual_rate_lag_1m_pct,gdp_monthly_growth_lag_1m_pct,public_sector_net_borrowing_lag_1m_gbp_mn,bank_rate_lag_1m_pct,target_month_sin,target_month_cos
2009-12-01,2010-01-01,167468.9299,168081.6091,166424.9027,157233.924,167164.22016666667,161148.03261666666,87202.0,440.0,7.7,2.9,0.5,21331.0,0.5,0.49999999999999994,0.8660254037844387
2010-01-01,2010-02-01,167887.6822,167468.9299,166986.1487,155417.3852,167512.22923333335,162000.949775,41084.66667,439.0,7.9,3.5,-0.8,7697.0,0.5,0.8660254037844386,0.5000000000000001
2010-02-01,2010-03-01,167877.9508,167887.6822,168081.6091,154452.3806,167812.74039999998,163040.14119166668,47347.66667,446.0,8.0,3.0,1.7,9831.0,0.5,1.0,6.123233995736766e-17
2010-03-01,2010-04-01,170027.8904,167877.9508,167468.9299,155852.1556,167744.8543,164158.93870833333,58046.66667,441.0,8.0,3.4,0.8,13191.0,0.5,0.8660254037844387,-0.4999999999999998
2010-04-01,2010-05-01,170845.9251,170027.8904,167887.6822,158004.4662,168597.84113333336,165340.24994166667,59554.66667,441.0,7.9,3.7,-0.2,9201.0,0.5,0.49999999999999994,-0.8660254037844387
2010-05-01,2010-06-01,171688.537,170845.9251,167877.9508,159561.0605,169583.9221,166410.37151666667,59094.66667,443.0,7.9,3.4,0.4,13252.0,0.5,1.2246467991473532e-16,-1.0
2010-06-01,2010-07-01,173427.1067,171688.537,170027.8904,162423.2686,170854.11750000002,167420.99455833333,70936.66667,442.0,7.8,3.2,0.2,12019.0,0.5,-0.4999999999999997,-0.8660254037844388
2010-07-01,2010-08-01,173417.4578,173427.1067,170845.9251,164025.3201,171987.1896,168337.9810666667,76003.0,443.0,7.8,3.1,0.1,9178.0,0.5,-0.8660254037844384,-0.5000000000000004
2010-08-01,2010-09-01,172972.0443,173417.4578,171688.537,165313.7701,172844.36716666666,169120.65920833332,69123.0,445.0,7.8,3.1,0.3,11540.0,0.5,-1.0,-1.8369701987210297e-16
2010-09-01,2010-10-01,171044.7244,172972.0443,173427.1067,166424.9027,173272.20293333332,169758.848725,64886.0,446.0,7.9,3.1,0.2,15810.0,0.5,-0.8660254037844386,0.5000000000000001
2010-10-01,2010-11-01,169013.1436,171044.7244,173417.4578,166986.1487,172478.0755,170143.83386666665,66726.33333,447.0,7.9,3.2,0.4,14209.0,0.5,-0.5000000000000004,0.8660254037844384
2010-11-01,2010-12-01,168702.7214,169013.1436,172972.0443,168081.6091,171009.97076666667,170312.75010833333,63565.33333,448.0,7.9,3.3,-0.3,14831.0,0.5,-2.4492935982947064e-16,1.0
2010-12-01,2011-01-01,167300.2404,168702.7214,171044.7244,167468.9299,169586.86313333336,170364.50946666667,63541.33333,449.0,7.9,3.7,-0.9,17031.0,0.5,0.49999999999999994,0.8660254037844387
2011-01-01,2011-02-01,166415.1603,167300.2404,169013.1436,167887.6822,168338.7018,170350.45200833335,42399.0,458.0,7.8,4.0,0.5,1294.0,0.5,0.8660254037844386,0.5000000000000001
2011-02-01,2011-03-01,165648.5379,166415.1603,168702.7214,167877.9508,167472.70736666667,170227.74185000002,44207.0,453.0,7.8,4.4,0.5,9723.0,0.5,1.0,6.123233995736766e-17
2011-03-01,2011-04-01,168218.06,165648.5379,167300.2404,170027.8904,166454.6462,170041.9574416667,52889.0,453.0,7.7,4.0,0.2,13339.0,0.5,0.8660254037844387,-0.4999999999999998
2011-04-01,2011-05-01,167469.7143,168218.06,166415.1603,170845.9251,166760.58606666664,169891.13824166666,57449.0,451.0,7.8,4.5,-0.9,11855.0,0.5,0.49999999999999994,-0.8660254037844387
2011-05-01,2011-06-01,167752.9093,167469.7143,165648.5379,171688.537,167112.10406666665,169609.78734166667,55691.0,453.0,7.9,4.5,1.0,9642.0,0.5,1.2246467991473532e-16,-1.0
2011-06-01,2011-07-01,169865.8121,167752.9093,168218.06,173427.1067,167813.5612,169281.81836666667,65290.0,456.0,8.0,4.2,0.0,9835.0,0.5,-0.4999999999999997,-0.8660254037844388
2011-07-01,2011-08-01,169968.016,169865.8121,167469.7143,173417.4578,168362.8119,168985.04381666667,70316.0,456.0,8.2,4.4,0.2,4609.0,0.5,-0.8660254037844384,-0.5000000000000004
2011-08-01,2011-09-01,169543.5734,169968.016,167752.9093,172972.0443,169195.57913333335,168697.59033333333,72144.0,454.0,8.3,4.5,-0.4,9479.0,0.5,-1.0,-1.8369701987210297e-16
2011-09-01,2011-10-01,167673.168,169543.5734,169865.8121,171044.7244,169792.46716666667,168411.88442500003,71811.0,454.0,8.4,5.2,0.3,13895.0,0.5,-0.8660254037844386,0.5000000000000001
2011-10-01,2011-11-01,167756.8878,167673.168,169968.016,169013.1436,169061.5858,168130.92139166666,65175.0,456.0,8.5,5.0,-0.8,12810.0,0.5,-0.5000000000000004,0.8660254037844384
2011-11-01,2011-12-01,167047.7706,167756.8878,169543.5734,168702.7214,168324.54306666667,168026.23340833336,67798.0,457.0,8.4,4.8,1.1,11223.0,0.5,-2.4492935982947064e-16,1.0
2011-12-01,2012-01-01,165908.4809,167047.7706,167673.168,167300.2404,167492.60880000002,167888.32084166666,70770.0,457.0,8.4,4.2,0.7,13775.0,0.5,0.49999999999999994,0.8660254037844387
2012-01-01,2012-02-01,165457.0798,165908.4809,167756.8878,166415.1603,166904.37976666665,167772.34088333332,49493.33333,457.0,8.3,3.6,0.3,709.0,0.5,0.8660254037844386,0.5000000000000001
2012-02-01,2012-03-01,165947.3274,165457.0798,167047.7706,165648.5379,166137.7771,167692.50084166668,50099.33333,457.0,8.2,3.4,-0.8,10348.0,0.5,1.0,6.123233995736766e-17
2012-03-01,2012-04-01,167854.0205,165947.3274,165908.4809,168218.06,165770.9627,167717.39996666668,69452.33333,457.0,8.2,3.5,0.6,12757.0,0.5,0.8660254037844387,-0.4999999999999998
2012-04-01,2012-05-01,168395.3676,167854.0205,165457.0798,167469.7143,166419.4759,167687.06334166668,50094.33333,460.0,8.1,3.0,-0.7,21562.0,0.5,0.49999999999999994,-0.8660254037844387
2012-05-01,2012-06-01,170049.1636,168395.3676,165947.3274,167752.9093,167398.9051666667,167764.20111666666,59800.33333,460.0,8.0,2.8,1.5,12881.0,0.5,1.2246467991473532e-16,-1.0
2012-06-01,2012-07-01,170701.1966,170049.1636,167854.0205,169865.8121,168766.1839,167955.55564166667,68568.33333,462.0,8.0,2.4,-1.4,8903.0,0.5,-0.4999999999999997,-0.8660254037844388
2012-07-01,2012-08-01,170902.3776,170701.1966,168395.3676,169968.016,169715.2426,168025.17101666666,66631.0,463.0,7.9,2.6,1.7,2278.0,0.5,-0.8660254037844384,-0.5000000000000004
2012-08-01,2012-09-01,170295.1292,170902.3776,170049.1636,169543.5734,170550.9126,168103.03448333332,73921.0,464.0,7.9,2.5,0.5,9954.0,0.5,-1.0,-1.8369701987210297e-16
2012-09-01,2012-10-01,169089.5181,170295.1292,170701.1966,167673.168,170632.90113333333,168165.66413333334,60043.0,462.0,7.9,2.2,-1.3,12946.0,0.5,-0.8660254037844386,0.5000000000000001
2012-10-01,2012-11-01,169227.2509,169089.5181,170902.3776,167756.8878,170095.67496666664,168283.69330833334,66842.0,462.0,7.8,2.7,0.4,11978.0,0.5,-0.5000000000000004,0.8660254037844384
2012-11-01,2012-12-01,168842.8434,169227.2509,170295.1292,167047.7706,169537.2994,168406.22356666665,72293.0,463.0,7.8,2.7,0.2,12067.0,0.5,-2.4492935982947064e-16,1.0
2012-12-01,2013-01-01,167715.5946,168842.8434,169089.5181,165908.4809,169053.20413333332,168555.81296666668,63795.0,461.0,7.8,2.7,-0.2,13878.0,0.5,0.49999999999999994,0.8660254037844387
2013-01-01,2013-02-01,167682.4598,167715.5946,169227.2509,165457.0798,168595.22963333337,168706.405775,49129.0,462.0,8.0,2.7,-0.1,-89.0,0.5,0.8660254037844386,0.5000000000000001
2013-02-01,2013-03-01,168681.4684,167682.4598,168842.8434,165947.3274,168080.29926666667,168891.85410833333,50648.0,462.0,7.8,2.8,0.9,7805.0,0.5,1.0,6.123233995736766e-17
2013-03-01,2013-04-01,170335.3686,168681.4684,167715.5946,167854.0205,168026.5076,169119.69919166664,62193.0,454.0,7.8,2.8,0.0,9398.0,0.5,0.8660254037844387,-0.4999999999999998
2013-04-01,2013-05-01,171233.7538,170335.3686,167682.4598,168395.3676,168899.7656,169326.4782,58520.66667,477.0,7.8,2.4,-0.1,11429.0,0.5,0.49999999999999994,-0.8660254037844387
2013-05-01,2013-06-01,172654.5105,171233.7538,168681.4684,170049.1636,170083.53026666667,169563.01038333334,75383.66667,468.0,7.7,2.7,0.4,9243.0,0.5,1.2246467991473532e-16,-1.0
2013-06-01,2013-07-01,174592.2607,172654.5105,170335.3686,170701.1966,171407.87763333335,169780.122625,75228.66667,466.0,7.7,2.9,0.2,8349.0,0.5,-0.4999999999999997,-0.8660254037844388
2013-07-01,2013-08-01,175982.2931,174592.2607,171233.7538,170902.3776,172826.84166666667,170104.37796666668,82886.0,466.0,7.7,2.8,0.4,3627.0,0.5,-0.8660254037844384,-0.5000000000000004
2013-08-01,2013-09-01,176097.8275,175982.2931,172654.5105,170295.1292,174409.6881,170527.70425833334,89695.0,466.0,7.6,2.7,0.2,8623.0,0.5,-1.0,-1.8369701987210297e-16
2013-09-01,2013-10-01,175378.3971,176097.8275,174592.2607,169089.5181,175557.46043333333,171011.26245,79217.0,466.0,7.4,2.7,0.0,12058.0,0.5,-0.8660254037844386,0.5000000000000001
2013-10-01,2013-11-01,176351.5657,175378.3971,175982.2931,169227.2509,175819.50590000002,171535.3357,88422.0,466.0,7.2,2.2,0.6,11364.0,0.5,-0.5000000000000004,0.8660254037844384
2013-11-01,2013-12-01,177970.632,176351.5657,176097.8275,168842.8434,175942.59676666665,172129.02860000002,95708.0,466.0,7.2,2.1,0.0,11488.0,0.5,-2.4492935982947064e-16,1.0
2013-12-01,2014-01-01,178182.1947,177970.632,175378.3971,167715.5946,176566.86493333336,172889.67765,90540.0,468.0,7.2,2.0,-0.5,10885.0,0.5,0.49999999999999994,0.8660254037844387
2014-01-01,2014-02-01,178921.4398,178182.1947,176351.5657,167682.4598,177501.46413333333,173761.894325,75540.33333,469.0,6.9,1.9,0.3,271.0,0.5,0.8660254037844386,0.5000000000000001
2014-02-01,2014-03-01,179536.8481,178921.4398,177970.632,168681.4684,178358.08883333334,174698.47599166667,74421.33333,472.0,6.8,1.7,1.0,9533.0,0.5,1.0,6.123233995736766e-17
2014-03-01,2014-04-01,183531.6143,179536.8481,178182.1947,170335.3686,178880.16086666667,175603.09096666667,78289.33333,461.0,6.6,1.6,0.8,6281.0,0.5,0.8660254037844387,-0.4999999999999998
2014-04-01,2014-05-01,185476.4913,183531.6143,178921.4398,171233.7538,180663.30073333334,176702.77810833332,82047.66667,469.0,6.4,1.8,0.0,12608.0,0.5,0.49999999999999994,-0.8660254037844387
2014-05-01,2014-06-01,187077.4797,185476.4913,179536.8481,172654.5105,182848.3179,177889.6729,90738.66667,469.0,6.3,1.5,0.2,10144.0,0.5,1.2246467991473532e-16,-1.0
2014-06-01,2014-07-01,189709.2488,187077.4797,183531.6143,174592.2607,185361.86176666667,179091.58700000003,93993.66667,470.0,6.1,1.9,0.2,7916.0,0.5,-0.4999999999999997,-0.8660254037844388
2014-07-01,2014-08-01,191932.1115,189709.2488,185476.4913,175982.2931,187421.07326666664,180351.33600833334,97288.0,468.0,6.0,1.6,0.5,3338.0,0.5,-0.8660254037844384,-0.5000000000000004
2014-08-01,2014-09-01,192138.056,191932.1115,187077.4797,176097.8275,189572.94666666666,181680.48754166663,101680.0,469.0,6.0,1.5,-0.1,8609.0,0.5,-1.0,-1.8369701987210297e-16
2014-09-01,2014-10-01,191854.5777,192138.056,189709.2488,175378.3971,191259.8054333333,183017.17325,90912.0,473.0,6.0,1.2,0.5,13028.0,0.5,-0.8660254037844386,0.5000000000000001
2014-10-01,2014-11-01,191209.195,191854.5777,191932.1115,176351.5657,191974.91506666667,184390.1883,100184.0,475.0,5.9,1.3,0.2,11243.0,0.5,-0.5000000000000004,0.8660254037844384
2014-11-01,2014-12-01,191669.3105,191209.195,192138.056,177970.632,191733.94290000002,185628.324075,86142.0,475.0,5.7,1.0,0.0,9009.0,0.5,-2.4492935982947064e-16,1.0
2014-12-01,2015-01-01,190664.9416,191669.3105,191854.5777,178182.1947,191577.6944,186769.88061666666,88917.0,478.0,5.7,0.5,0.5,12189.0,0.5,0.49999999999999994,0.8660254037844387
2015-01-01,2015-02-01,190827.1002,190664.9416,191209.195,178921.4398,191181.14903333332,187810.109525,66819.33333,476.0,5.6,0.3,-0.3,-3038.0,0.5,0.8660254037844386,0.5000000000000001
2015-02-01,2015-03-01,191537.2634,190827.1002,191669.3105,179536.8481,191053.78410000002,188802.2478916667,67070.33333,478.0,5.5,0.0,0.3,6488.0,0.5,1.0,6.123233995736766e-17
2015-03-01,2015-04-01,193224.7186,191537.2634,190664.9416,183531.6143,191009.76839999997,189802.2825,77669.33333,480.0,5.5,0.0,0.3,5900.0,0.5,0.8660254037844387,-0.4999999999999998
2015-04-01,2015-05-01,195313.124,193224.7186,190827.1002,185476.4913,191863.0274,190610.04119166665,75239.66667,481.0,5.6,-0.1,0.5,12114.0,0.5,0.49999999999999994,-0.8660254037844387
2015-05-01,2015-06-01,196802.4578,195313.124,191537.2634,187077.4797,193358.36866666665,191429.76058333332,86143.66667,482.0,5.6,0.1,-0.1,7631.0,0.5,1.2246467991473532e-16,-1.0
2015-06-01,2015-07-01,200141.5615,196802.4578,193224.7186,189709.2488,195113.4334666667,192240.175425,96978.66667,481.0,5.5,0.0,-0.2,7946.0,0.5,-0.4999999999999997,-0.8660254037844388
2015-07-01,2015-08-01,201973.3647,200141.5615,195313.124,191932.1115,197419.04776666666,193109.53481666665,106216.0,484.0,5.4,0.1,0.3,2088.0,0.5,-0.8660254037844384,-0.5000000000000004
2015-08-01,2015-09-01,202388.7291,201973.3647,196802.4578,192138.056,199639.12800000003,193946.30591666666,96533.0,484.0,5.3,0.0,0.0,8874.0,0.5,-1.0,-1.8369701987210297e-16
2015-09-01,2015-10-01,202664.3387,202388.7291,200141.5615,191854.5777,201501.21843333333,194800.52867499998,94554.0,483.0,5.2,-0.1,0.3,11546.0,0.5,-0.8660254037844386,0.5000000000000001
2015-10-01,2015-11-01,204223.2345,202664.3387,201973.3647,191209.195,202342.14416666667,195701.34209166668,104450.6667,484.0,5.1,-0.1,0.5,10553.0,0.5,-0.5000000000000004,0.8660254037844384
2015-11-01,2015-12-01,204920.2481,204223.2345,202388.7291,191669.3105,203092.10076666667,196785.8453833333,93853.66667,484.0,5.1,0.1,0.0,9421.0,0.5,-2.4492935982947064e-16,1.0
2015-12-01,2016-01-01,205464.2926,204920.2481,202664.3387,190664.9416,203935.9404333333,197890.09018333335,94396.66667,487.0,5.1,0.2,0.1,7497.0,0.5,0.49999999999999994,0.8660254037844387
2016-01-01,2016-02-01,205555.4075,205464.2926,204223.2345,190827.1002,204869.25840000002,199123.3694333333,70959.33333,489.0,5.1,0.3,0.0,-6087.0,0.5,0.8660254037844386,0.5000000000000001
2016-02-01,2016-03-01,207667.1658,205555.4075,204920.2481,191537.2634,205313.31606666665,200350.72837499998,75907.33333,486.0,5.1,0.3,0.3,5864.0,0.5,1.0,6.123233995736766e-17
2016-03-01,2016-04-01,208443.2286,207667.1658,205464.2926,193224.7186,206228.9553,201694.8869083333,138124.3333,490.0,5.0,0.5,0.3,4962.0,0.5,0.8660254037844387,-0.4999999999999998
2016-04-01,2016-05-01,210872.4183,208443.2286,205555.4075,195313.124,207221.93396666666,202963.096075,63853.66667,495.0,4.9,0.3,0.6,12117.0,0.5,0.49999999999999994,-0.8660254037844387
2016-05-01,2016-06-01,212886.5299,210872.4183,207667.1658,196802.4578,208994.2709,204259.70393333337,72173.66667,493.0,4.9,0.3,-0.3,7154.0,0.5,1.2246467991473532e-16,-1.0
2016-06-01,2016-07-01,215126.9772,212886.5299,208443.2286,200141.5615,210734.05893333335,205600.04327500003,88474.66667,493.0,4.9,0.5,0.2,4890.0,0.5,-0.4999999999999997,-0.8660254037844388
2016-07-01,2016-08-01,215144.9613,215126.9772,210872.4183,201973.3647,212961.97513333333,206848.82791666666,93197.33333,496.0,5.0,0.6,0.4,576.0,0.5,-0.8660254037844384,-0.5000000000000004
2016-08-01,2016-09-01,214816.236,215144.9613,212886.5299,202388.7291,214386.1561333333,207946.46096666667,94407.33333,494.0,4.8,0.6,0.1,7228.0,0.25,-1.0,-1.8369701987210297e-16
2016-09-01,2016-10-01,214106.8334,214816.236,215126.9772,202664.3387,215029.3915,208982.08654166665,91720.33333,495.0,4.8,1.0,0.3,10708.0,0.25,-0.8660254037844386,0.5000000000000001
2016-10-01,2016-11-01,215113.0566,214106.8334,215144.9613,204223.2345,214689.34356666668,209935.62776666667,85296.0,497.0,4.8,0.9,0.1,7732.0,0.25,-0.5000000000000004,0.8660254037844384
2016-11-01,2016-12-01,215499.8314,215113.0566,214816.236,204920.2481,214678.70866666667,210843.11294166665,88926.0,498.0,4.7,1.2,0.3,6849.0,0.25,-2.4492935982947064e-16,1.0
2016-12-01,2017-01-01,215242.5623,215499.8314,214106.8334,205464.2926,214906.57379999998,211724.74488333333,94685.0,496.0,4.7,1.6,0.1,5225.0,0.25,0.49999999999999994,0.8660254037844387
2017-01-01,2017-02-01,215697.4753,215242.5623,215113.0566,205555.4075,215285.15009999997,212539.60069166668,68663.0,497.0,4.6,1.8,0.5,-8923.0,0.25,0.8660254037844386,0.5000000000000001
2017-02-01,2017-03-01,215236.3504,215697.4753,215499.8314,207667.1658,215479.9563333333,213384.77300833332,71432.0,499.0,4.6,2.3,0.1,-375.0,0.25,1.0,6.123233995736766e-17
2017-03-01,2017-04-01,218641.5946,215236.3504,215242.5623,208443.2286,215392.12933333335,214015.53839166663,89388.0,501.0,4.5,2.3,0.1,2539.0,0.25,0.8660254037844387,-0.4999999999999998
2017-04-01,2017-05-01,219953.663,218641.5946,215697.4753,210872.4183,216525.1401,214865.402225,75980.0,502.0,4.4,2.7,0.3,12662.0,0.25,0.49999999999999994,-0.8660254037844387
2017-05-01,2017-06-01,221833.4783,219953.663,215236.3504,212886.5299,217943.86933333334,215622.17261666665,83671.0,503.0,4.4,2.9,0.3,7114.0,0.25,1.2246467991473532e-16,-1.0
2017-06-01,2017-07-01,224719.137,221833.4783,218641.5946,215126.9772,220142.91196666667,216367.75165,101940.0,508.0,4.3,2.6,0.1,6638.0,0.25,-0.4999999999999997,-0.8660254037844388
2017-07-01,2017-08-01,225738.1678,224719.137,219953.663,215144.9613,222168.75943333333,217167.09829999998,92256.66667,504.0,4.3,2.6,0.1,177.0,0.25,-0.8660254037844384,-0.5000000000000004
2017-08-01,2017-09-01,224895.0198,225738.1678,221833.4783,214816.236,224096.9277,218049.86550833334,98937.66667,507.0,4.3,2.9,0.3,5439.0,0.25,-1.0,-1.8369701987210297e-16
2017-09-01,2017-10-01,225092.3259,224895.0198,224719.137,214106.8334,225117.44153333336,218889.76415833333,94286.66667,509.0,4.2,3.0,0.5,10088.0,0.25,-0.8660254037844386,0.5000000000000001
2017-10-01,2017-11-01,224452.6722,225092.3259,225738.1678,215113.0566,225241.83783333332,219805.22186666666,92827.33333,509.0,4.3,3.0,0.0,7983.0,0.25,-0.5000000000000004,0.8660254037844384
2017-11-01,2017-12-01,225329.9776,224452.6722,224895.0198,215499.8314,224813.3393,220583.52316666665,92234.33333,510.0,4.4,3.1,0.3,6582.0,0.5,-2.4492935982947064e-16,1.0
2017-12-01,2018-01-01,224543.7559,225329.9776,225092.3259,215242.5623,224958.3252333333,221402.70201666665,91613.33333,512.0,4.3,3.0,-0.4,4460.0,0.5,0.49999999999999994,0.8660254037844387
2018-01-01,2018-02-01,225131.191,224543.7559,224452.6722,215697.4753,224775.46856666668,222177.80148333334,68242.66667,510.0,4.2,3.0,0.0,-5847.0,0.5,0.8660254037844386,0.5000000000000001
2018-02-01,2018-03-01,223772.1802,225131.191,225329.9776,215236.3504,225001.6415,222963.94445833334,68999.66667,513.0,4.2,2.7,0.1,2575.0,0.5,1.0,6.123233995736766e-17
2018-03-01,2018-04-01,225910.188,223772.1802,224543.7559,218641.5946,224482.3757,223675.26360833333,81850.66667,513.0,4.2,2.5,0.5,2002.0,0.5,0.8660254037844387,-0.4999999999999998
2018-04-01,2018-05-01,226833.8665,225910.188,225131.191,219953.663,224937.85306666666,224280.97972499998,71864.0,515.0,4.2,2.4,-0.2,10222.0,0.5,0.49999999999999994,-0.8660254037844387
2018-05-01,2018-06-01,228355.3098,226833.8665,223772.1802,221833.4783,225505.41156666668,224854.33001666667,81587.0,516.0,4.0,2.4,0.4,4574.0,0.5,1.2246467991473532e-16,-1.0
2018-06-01,2018-07-01,231187.016,228355.3098,225910.188,224719.137,227033.12143333335,225397.815975,96021.0,519.0,4.0,2.4,0.2,4187.0,0.5,-0.4999999999999997,-0.8660254037844388
2018-07-01,2018-08-01,231897.7019,231187.016,226833.8665,225738.1678,228792.0641,225936.80589166665,89223.66667,521.0,4.0,2.5,0.2,-2381.0,0.5,-0.8660254037844384,-0.5000000000000004
2018-08-01,2018-09-01,231454.2502,231897.7019,228355.3098,224895.0198,230480.00923333332,226450.1004,102000.6667,523.0,4.1,2.7,0.2,7120.0,0.75,-1.0,-1.8369701987210297e-16
2018-09-01,2018-10-01,231211.2302,231454.2502,231187.016,225092.3259,231512.98936666665,226996.70293333335,83601.66667,523.0,4.1,2.4,0.1,8936.0,0.75,-0.8660254037844386,0.5000000000000001
2018-10-01,2018-11-01,230224.3035,231211.2302,231897.7019,224452.6722,231521.06076666666,227506.611625,92636.0,530.0,4.0,2.4,-0.1,9235.0,0.75,-0.5000000000000004,0.8660254037844384
2018-11-01,2018-12-01,229729.2591,230224.3035,231454.2502,225329.9776,230963.2613,227987.58090000003,99027.0,526.0,4.0,2.3,0.4,5847.0,0.75,-2.4492935982947064e-16,1.0
2018-12-01,2019-01-01,228314.4927,229729.2591,231211.2302,224543.7559,230388.26426666664,228354.18769166668,83837.0,528.0,3.9,2.1,-0.1,5493.0,0.75,0.49999999999999994,0.8660254037844387
2019-01-01,2019-02-01,227738.4642,228314.4927,230224.3035,225131.191,229422.6851,228668.4157583333,65596.66667,530.0,3.9,1.8,0.2,-10505.0,0.75,0.8660254037844386,0.5000000000000001
2019-02-01,2019-03-01,227103.9623,227738.4642,229729.2591,223772.1802,228594.07200000001,228885.68852499998,67755.66667,531.0,3.8,1.9,0.4,1932.0,0.75,1.0,6.123233995736766e-17
2019-03-01,2019-04-01,228749.3498,227103.9623,228314.4927,225910.188,227718.97306666666,229163.33703333334,78954.66667,525.0,3.8,1.9,0.0,253.0,0.75,0.8660254037844387,-0.4999999999999998
2019-04-01,2019-05-01,229061.1192,228749.3498,227738.4642,226833.8665,227863.92543333335,229399.93385,73561.0,534.0,3.8,2.1,-0.4,11219.0,0.75,0.49999999999999994,-0.8660254037844387
2019-05-01,2019-06-01,230049.0452,229061.1192,227103.9623,228355.3098,228304.81043333336,229585.53824166665,82426.0,537.0,3.9,2.0,0.4,5159.0,0.75,1.2246467991473532e-16,-1.0
2019-06-01,2019-07-01,232618.1464,230049.0452,228749.3498,231187.016,229286.50473333334,229726.68285833334,84287.0,540.0,3.8,2.0,0.3,7247.0,0.75,-0.4999999999999997,-0.8660254037844388
2019-07-01,2019-08-01,233366.1371,232618.1464,229061.1192,231897.7019,230576.1036,229845.94372500002,89176.33333,542.0,3.9,2.1,0.4,-735.0,0.75,-0.8660254037844384,-0.5000000000000004
2019-08-01,2019-09-01,233536.15,233366.1371,230049.0452,231454.2502,232011.10956666665,229968.313325,95774.33333,541.0,3.8,1.7,0.0,5375.0,0.75,-1.0,-1.8369701987210297e-16
2019-09-01,2019-10-01,232919.4018,233536.15,232618.1464,231211.2302,233173.47783333334,230141.80497499998,84025.33333,544.0,3.8,1.7,0.4,9070.0,0.75,-0.8660254037844386,0.5000000000000001
2019-10-01,2019-11-01,232096.426,232919.4018,233366.1371,230224.3035,233273.8963,230284.15260833336,90625.33333,543.0,3.8,1.5,-0.1,11850.0,0.75,-0.5000000000000004,0.8660254037844384
2019-11-01,2019-12-01,231792.2947,232096.426,233536.15,229729.2591,232850.65926666665,230440.16281666665,93439.33333,542.0,3.8,1.5,-0.2,5893.0,0.75,-2.4492935982947064e-16,1.0
2019-12-01,2020-01-01,231939.909,231792.2947,232919.4018,228314.4927,232269.37416666668,230612.08245,84958.33333,542.0,3.9,1.3,0.0,6337.0,0.75,0.49999999999999994,0.8660254037844387
2020-01-01,2020-02-01,230609.0017,231939.909,232096.426,227738.4642,231942.87656666667,230914.200475,68585.0,546.0,4.0,1.8,0.3,-8269.0,0.75,0.8660254037844386,0.5000000000000001
2020-02-01,2020-03-01,232683.8062,230609.0017,231792.2947,227103.9623,231447.0684666667,231153.4119333333,67463.0,546.0,4.0,1.7,-0.5,1738.0,0.75,1.0,6.123233995736766e-17
2020-03-01,2020-04-01,230317.758,232683.8062,231939.909,228749.3498,231744.23896666666,231618.398925,69201.0,529.0,4.1,1.5,-7.0,7099.0,0.1,0.8660254037844387,-0.4999999999999998
2020-04-01,2020-05-01,231507.7098,230317.758,230609.0017,229061.1192,231203.52196666668,231749.09960833332,28356.33333,529.0,4.1,0.8,-20.9,49129.0,0.1,0.49999999999999994,-0.8660254037844387
2020-05-01,2020-06-01,234703.2452,231507.7098,232683.8062,230049.0452,231503.09133333332,231952.98215833333,36380.33333,532.0,4.1,0.5,3.2,51405.0,0.1,1.2246467991473532e-16,-1.0
2020-06-01,2020-07-01,236686.9285,234703.2452,230317.758,232618.1464,232176.23766666665,232340.8321583333,53436.33333,532.0,4.3,0.6,9.0,32305.0,0.1,-0.4999999999999997,-0.8660254037844388
2020-07-01,2020-08-01,238997.6916,236686.9285,231507.7098,233366.1371,234299.2945,232679.89733333336,63981.0,539.0,4.6,1.0,7.4,21886.0,0.1,-0.8660254037844384,-0.5000000000000004
2020-08-01,2020-09-01,241541.4024,238997.6916,234703.2452,233536.15,236795.95510000002,233149.19354166664,67744.0,552.0,4.9,0.2,2.0,24094.0,0.1,-1.0,-1.8369701987210297e-16
2020-09-01,2020-10-01,243575.4827,241541.4024,236686.9285,232919.4018,239075.34083333332,233816.29790833333,78108.0,558.0,5.1,0.5,1.1,28309.0,0.1,-0.8660254037844386,0.5000000000000001
2020-10-01,2020-11-01,246064.9811,243575.4827,238997.6916,232096.426,241371.52556666665,234704.30464999998,97906.66667,563.0,5.1,0.7,0.6,18042.0,0.1,-0.5000000000000004,0.8660254037844384
2020-11-01,2020-12-01,247983.412,246064.9811,241541.4024,231792.2947,243727.28873333332,235868.35090833332,96253.66667,568.0,5.2,0.3,-1.8,21800.0,0.1,-2.4492935982947064e-16,1.0
2020-12-01,2021-01-01,249689.5341,247983.412,243575.4827,231939.909,245874.62526666667,237217.61068333333,104607.6667,570.0,5.1,0.6,1.8,23979.0,0.1,0.49999999999999994,0.8660254037844387
2021-01-01,2021-02-01,249586.1029,249689.5341,246064.9811,230609.0017,247912.6424,238696.74610833335,78289.0,570.0,5.1,0.7,-2.9,984.0,0.1,0.8660254037844386,0.5000000000000001
2021-02-01,2021-03-01,253505.551,249586.1029,247983.412,232683.8062,249086.34966666668,240278.17120833334,96081.0,567.0,4.9,0.4,0.7,15382.0,0.1,1.0,6.123233995736766e-17
2021-03-01,2021-04-01,250209.6713,253505.551,249689.5341,230317.758,250927.0626666667,242013.31660833335,135666.0,552.0,4.9,0.7,2.3,25912.0,0.1,0.8660254037844387,-0.4999999999999998
2021-04-01,2021-05-01,251285.4804,250209.6713,249586.1029,231507.7098,251100.4417333333,243670.97605000003,87611.0,576.0,4.9,1.5,3.1,23541.0,0.1,0.49999999999999994,-0.8660254037844387
2021-05-01,2021-06-01,265676.0755,251285.4804,253505.551,234703.2452,251666.9009,245319.12359999996,78518.0,581.0,4.7,2.1,1.3,17108.0,0.1,1.2246467991473532e-16,-1.0
2021-06-01,2021-07-01,252960.13303,265676.0755,250209.6713,236686.9285,255723.7424,247900.1927916667,165290.0,577.0,4.6,2.5,1.0,18917.0,0.1,-0.4999999999999997,-0.8660254037844388
2021-07-01,2021-08-01,260429.17931,252960.13303,251285.4804,238997.6916,256640.56297666664,249256.29316916666,64027.333333,581.0,4.4,2.0,-0.2,4224.0,0.1,-0.8660254037844384,-0.5000000000000004
2021-08-01,2021-09-01,269003.07451,260429.17931,265676.0755,241541.4024,259688.46261333334,251042.25047833333,80854.333333,584.0,4.3,3.2,0.9,13919.0,0.1,-1.0,-1.8369701987210297e-16
2021-09-01,2021-10-01,263333.22962,269003.07451,252960.13303,243575.4827,260797.46228333333,253330.72315416668,129270.33333,586.0,4.2,3.1,0.6,17479.0,0.1,-0.8660254037844386,0.5000000000000001
2021-10-01,2021-11-01,267369.95814,263333.22962,260429.17931,246064.9811,264255.1611466667,254977.20206416666,64254.333333,588.0,4.1,4.2,0.1,8292.0,0.1,-0.5000000000000004,0.8660254037844384
2021-11-01,2021-12-01,268114.70466,267369.95814,269003.07451,247983.412,266568.75409,256752.6168175,76313.333333,587.0,4.0,5.1,1.0,7651.0,0.1,-2.4492935982947064e-16,1.0
2021-12-01,2022-01-01,272738.31677,268114.70466,263333.22962,249689.5341,266272.6308066666,258430.22453916667,81100.333333,603.0,4.0,5.4,0.1,10191.0,0.25,0.49999999999999994,0.8660254037844387
2022-01-01,2022-02-01,272454.14497,272738.31677,267369.95814,249586.1029,269407.65985666664,260350.9564283333,63839.666667,599.0,3.8,5.5,0.2,-12570.0,0.25,0.8660254037844386,0.5000000000000001
2022-02-01,2022-03-01,273786.82449,272454.14497,268114.70466,253505.551,271102.3888,262256.6266008333,70501.666667,600.0,3.7,6.2,-0.1,6816.0,0.5,1.0,6.123233995736766e-17
2022-03-01,2022-04-01,276916.6183,273786.82449,272738.31677,250209.6713,272993.09541,263946.732725,79202.666667,608.0,3.8,7.0,0.1,5636.0,0.75,0.8660254037844387,-0.4999999999999998
2022-04-01,2022-05-01,280718.9795,276916.6183,272454.14497,251285.4804,274385.86258666666,266172.31164166663,72912.0,604.0,3.8,9.0,0.0,13872.0,0.75,0.49999999999999994,-0.8660254037844387
2022-05-01,2022-06-01,283110.3844,280718.9795,273786.82449,265676.0755,277140.80743,268625.1032333334,73110.0,606.0,3.8,9.1,0.8,9324.0,1.0,1.2246467991473532e-16,-1.0
2022-06-01,2022-07-01,288960.8496,283110.3844,276916.6183,252960.13303,280248.6607333333,270077.9623083333,72674.0,613.0,3.6,9.4,-0.7,18875.0,1.25,-0.4999999999999997,-0.8660254037844388
2022-07-01,2022-08-01,291098.5141,288960.8496,280718.9795,260429.17931,284263.4045,273078.0220225,81096.66667,615.0,3.5,10.1,0.4,891.0,1.25,-0.8660254037844384,-0.5000000000000004
2022-08-01,2022-09-01,292981.9498,291098.5141,283110.3844,269003.07451,287723.24936666666,275633.7999216667,83221.66667,619.0,3.6,9.9,0.0,8120.0,1.75,-1.0,-1.8369701987210297e-16
2022-09-01,2022-10-01,291992.761,292981.9498,288960.8496,263333.22962,291013.77116666664,277632.03952916665,81777.66667,622.0,3.7,10.1,-0.7,15909.0,2.25,-0.8660254037844386,0.5000000000000001
2022-10-01,2022-11-01,291921.7521,291992.761,291098.5141,267369.95814,292024.40829999995,280020.33381083334,78056.33333,626.0,3.7,11.1,0.7,10731.0,2.25,-0.5000000000000004,0.8660254037844384
2022-11-01,2022-12-01,290671.8034,291921.7521,292981.9498,268114.70466,292298.8209666666,282066.31664083333,77735.33333,629.0,3.7,10.7,0.2,15388.0,3.0,-2.4492935982947064e-16,1.0
2022-12-01,2023-01-01,288288.6102,290671.8034,291992.761,272738.31677,291528.77216666663,283946.07486916665,65151.33333,632.0,3.7,10.5,-0.5,16292.0,3.5,0.49999999999999994,0.8660254037844387
2023-01-01,2023-02-01,287536.7508,288288.6102,291921.7521,272454.14497,290294.0552333333,285241.932655,46061.66667,635.0,3.8,10.1,0.4,-7400.0,3.5,0.8660254037844386,0.5000000000000001
2023-02-01,2023-03-01,285056.7272,287536.7508,290671.8034,273786.82449,288832.38813333336,286498.81647416664,44635.66667,640.0,3.9,10.4,0.1,11981.0,4.0,1.0,6.123233995736766e-17
2023-03-01,2023-04-01,286488.877,285056.7272,288288.6102,276916.6183,286960.6960666667,287437.97503333335,70607.0,644.0,3.8,10.1,-0.2,16601.0,4.25,0.8660254037844387,-0.4999999999999998
